<?xml version = "1.0" encoding = "UTF-8"?>
<configuration>
	<include
		resource="org/springframework/boot/logging/logback/defaults.xml" />
	<springProfile name="default">
		<include
			resource="org/springframework/boot/logging/logback/console-appender.xml" />

		<root level="INFO">
			<appender-ref ref="CONSOLE" />
		</root>
	</springProfile>

	<springProfile name="QA">
		<appender name="Console"
			class="ch.qos.logback.core.ConsoleAppender">
			<encoder>
				<pattern>%d{yyyy-MM-dd HH:mm:ss} - %logger{36} - %msg%n</pattern>
			</encoder>
		</appender>
		<appender name="RollingFile"
			class="ch.qos.logback.core.FileAppender">
			<File>E:/Logs/restlog.log</File>
			<encoder>
				<pattern>%d{yyyy-MM-dd HH:mm:ss} - %logger{36} - %msg%n</pattern>
			</encoder>
		</appender>

		<!-- Application logs at trace level -->
		<logger name="com.example" level="trace" additivity="false"></logger>
		<logger name="org.springframework" level="trace"
			additivity="false">
		</logger>

		<root level="INFO">
			<appender-ref ref="RollingFile" />
			<appender-ref ref="Console" />
		</root>
	</springProfile>
</configuration>